"","age_cut","sido1","q6_1","nn"
"1","g10",1,"030   ",1
"2","g10",1,"039   ",1
"3","g10",1,"128   ",1
"4","g10",1,"188   ",1
"5","g10",3,"176   ",1
"6","g10",8,"128   ",1
"7","g10",8,"154   ",1
"8","g10",8,"170   ",1
"9","g10",8,"171   ",1
"10","g10",8,"182   ",1
"11","g10",8,"207   ",1
"12","g10",8,"229   ",1
"13","g10",10,"034   ",1
"14","g10",10,"122   ",1
"15","g10",10,"149   ",1
"16","g10",10,"229   ",1
"17","g10",15,"070   ",1
"18","g10",15,"123   ",1
"19","g10",15,"229   ",1
"20","g20",1,"008   ",1
"21","g20",1,"020   ",1
"22","g20",1,"030   ",1
"23","g20",1,"070   ",1
"24","g20",1,"171   ",1
"25","g20",1,"176   ",1
"26","g20",1,"189   ",1
"27","g20",1,"232   ",2
"28","g20",2,"030   ",1
"29","g20",2,"034   ",1
"30","g20",2,"070   ",1
"31","g20",2,"170   ",1
"32","g20",2,"207   ",1
"33","g20",2,"229   ",1
"34","g20",2,"236   ",1
"35","g20",3,"082   ",1
"36","g20",3,"171   ",1
"37","g20",3,"176   ",1
"38","g20",3,"207   ",1
"39","g20",6,"176   ",1
"40","g20",8,"082   ",1
"41","g20",8,"128   ",1
"42","g20",8,"149   ",1
"43","g20",8,"236   ",1
"44","g20",11,"171   ",1
"45","g20",13,"128   ",1
"46","g20",14,"171   ",1
"47","g20",15,"171   ",1
"48","g20",15,"176   ",2
"49","g20",15,"201   ",1
"50","g20",15,"207   ",1
"51","g30",1,"026   ",1
"52","g30",1,"034   ",1
"53","g30",1,"062   ",1
"54","g30",1,"070   ",1
"55","g30",1,"122   ",1
"56","g30",1,"123   ",2
"57","g30",1,"128   ",1
"58","g30",1,"153   ",2
"59","g30",1,"154   ",1
"60","g30",1,"168   ",2
"61","g30",1,"171   ",2
"62","g30",1,"176   ",2
"63","g30",1,"182   ",1
"64","g30",1,"183   ",1
"65","g30",1,"207   ",1
"66","g30",1,"225   ",1
"67","g30",1,"229   ",2
"68","g30",1,"232   ",1
"69","g30",2,"171   ",1
"70","g30",2,"176   ",1
"71","g30",2,"207   ",2
"72","g30",2,"232   ",1
"73","g30",4,"030   ",1
"74","g30",4,"171   ",1
"75","g30",4,"176   ",1
"76","g30",5,"171   ",1
"77","g30",5,"176   ",1
"78","g30",7,"036   ",1
"79","g30",7,"176   ",1
"80","g30",8,"026   ",1
"81","g30",8,"030   ",1
"82","g30",8,"082   ",1
"83","g30",8,"121   ",1
"84","g30",8,"123   ",1
"85","g30",8,"128   ",1
"86","g30",8,"168   ",1
"87","g30",8,"171   ",1
"88","g30",8,"176   ",2
"89","g30",8,"188   ",1
"90","g30",8,"232   ",1
"91","g30",11,"030   ",1
"92","g30",11,"171   ",1
"93","g30",13,"123   ",1
"94","g30",14,"176   ",1
"95","g30",15,"171   ",1
"96","g30",15,"176   ",1
"97","g30",16,"176   ",1
"98","g30",16,"236   ",1
"99","g40",1,"034   ",1
"100","g40",1,"055   ",1
"101","g40",1,"070   ",2
"102","g40",1,"082   ",2
"103","g40",1,"171   ",2
"104","g40",1,"176   ",1
"105","g40",1,"188   ",1
"106","g40",1,"229   ",1
"107","g40",2,"055   ",1
"108","g40",2,"123   ",1
"109","g40",2,"171   ",1
"110","g40",2,"176   ",1
"111","g40",2,"189   ",1
"112","g40",2,"232   ",1
"113","g40",3,"069   ",2
"114","g40",3,"149   ",1
"115","g40",3,"207   ",1
"116","g40",5,"030   ",1
"117","g40",5,"176   ",1
"118","g40",5,"232   ",1
"119","g40",6,"169   ",1
"120","g40",7,"130   ",1
"121","g40",7,"171   ",1
"122","g40",8,"030   ",1
"123","g40",8,"034   ",1
"124","g40",8,"039   ",1
"125","g40",8,"055   ",1
"126","g40",8,"070   ",2
"127","g40",8,"082   ",1
"128","g40",8,"154   ",1
"129","g40",8,"171   ",2
"130","g40",8,"176   ",2
"131","g40",8,"182   ",1
"132","g40",8,"188   ",1
"133","g40",8,"207   ",1
"134","g40",8,"208   ",1
"135","g40",8,"224   ",1
"136","g40",8,"232   ",1
"137","g40",8,"235   ",1
"138","g40",8,"236   ",2
"139","g40",9,"030   ",1
"140","g40",11,"070   ",1
"141","g40",11,"176   ",1
"142","g40",11,"189   ",1
"143","g40",12,"122   ",1
"144","g40",12,"123   ",1
"145","g40",12,"140   ",1
"146","g40",12,"168   ",1
"147","g40",12,"176   ",1
"148","g40",12,"229   ",1
"149","g40",13,"023   ",1
"150","g40",13,"070   ",1
"151","g40",13,"171   ",1
"152","g40",13,"176   ",1
"153","g40",13,"188   ",1
"154","g40",14,"171   ",1
"155","g40",14,"176   ",2
"156","g40",15,"030   ",1
"157","g40",15,"070   ",1
"158","g40",15,"171   ",1
"159","g40",15,"176   ",2
"160","g40",15,"232   ",2
"161","g50",1,"034   ",1
"162","g50",1,"052   ",1
"163","g50",1,"055   ",1
"164","g50",1,"070   ",1
"165","g50",1,"122   ",1
"166","g50",1,"128   ",1
"167","g50",1,"170   ",1
"168","g50",1,"171   ",1
"169","g50",1,"176   ",2
"170","g50",1,"207   ",2
"171","g50",1,"229   ",1
"172","g50",1,"236   ",1
"173","g50",2,"039   ",1
"174","g50",2,"169   ",1
"175","g50",2,"170   ",1
"176","g50",2,"171   ",2
"177","g50",3,"030   ",1
"178","g50",3,"082   ",1
"179","g50",3,"208   ",1
"180","g50",4,"232   ",1
"181","g50",5,"176   ",1
"182","g50",5,"207   ",1
"183","g50",6,"055   ",1
"184","g50",6,"176   ",1
"185","g50",8,"036   ",1
"186","g50",8,"082   ",1
"187","g50",8,"128   ",1
"188","g50",8,"176   ",1
"189","g50",8,"188   ",2
"190","g50",8,"207   ",2
"191","g50",8,"232   ",2
"192","g50",9,"176   ",2
"193","g50",9,"207   ",1
"194","g50",9,"208   ",1
"195","g50",9,"232   ",1
"196","g50",10,"207   ",1
"197","g50",12,"232   ",1
"198","g50",12,"236   ",1
"199","g50",13,"055   ",1
"200","g50",13,"082   ",1
"201","g50",13,"171   ",1
"202","g50",13,"176   ",2
"203","g50",14,"128   ",1
"204","g50",15,"070   ",1
"205","g50",15,"171   ",2
"206","g50",15,"176   ",1
"207","g50",16,"030   ",1
"208","g50",16,"070   ",1
"209","g50",16,"159   ",1
"210","g60",1,"008   ",1
"211","g60",1,"034   ",1
"212","g60",1,"070   ",1
"213","g60",1,"125   ",1
"214","g60",1,"154   ",1
"215","g60",1,"176   ",2
"216","g60",1,"182   ",1
"217","g60",1,"189   ",1
"218","g60",1,"201   ",1
"219","g60",1,"232   ",1
"220","g60",2,"022   ",1
"221","g60",2,"026   ",1
"222","g60",2,"169   ",1
"223","g60",2,"170   ",1
"224","g60",2,"171   ",1
"225","g60",2,"176   ",1
"226","g60",2,"207   ",2
"227","g60",4,"176   ",1
"228","g60",5,"008   ",1
"229","g60",5,"052   ",1
"230","g60",5,"176   ",1
"231","g60",5,"236   ",1
"232","g60",6,"153   ",1
"233","g60",8,"082   ",1
"234","g60",8,"171   ",1
"235","g60",8,"176   ",1
"236","g60",9,"052   ",1
"237","g60",9,"176   ",1
"238","g60",9,"236   ",1
"239","g60",10,"176   ",1
"240","g60",11,"171   ",1
"241","g60",12,"176   ",2
"242","g60",13,"070   ",1
"243","g60",13,"171   ",1
"244","g60",13,"176   ",1
"245","g60",14,"082   ",1
"246","g60",14,"176   ",1
"247","g60",15,"082   ",1
"248","g60",15,"188   ",1
"249","g60",15,"229   ",1
"250","g_over60",1,"030   ",1
"251","g_over60",1,"034   ",1
"252","g_over60",1,"070   ",1
"253","g_over60",1,"125   ",1
"254","g_over60",1,"128   ",1
"255","g_over60",1,"182   ",1
"256","g_over60",1,"201   ",1
"257","g_over60",1,"235   ",1
"258","g_over60",2,"123   ",1
"259","g_over60",2,"208   ",1
"260","g_over60",2,"225   ",1
"261","g_over60",4,"168   ",1
"262","g_over60",7,"171   ",1
"263","g_over60",7,"201   ",1
"264","g_over60",8,"011   ",1
"265","g_over60",8,"030   ",2
"266","g_over60",8,"171   ",1
"267","g_over60",8,"176   ",2
"268","g_over60",8,"182   ",1
"269","g_over60",8,"207   ",1
"270","g_over60",8,"208   ",1
"271","g_over60",9,"176   ",1
"272","g_over60",10,"176   ",1
"273","g_over60",10,"207   ",1
"274","g_over60",11,"082   ",1
"275","g_over60",11,"171   ",1
"276","g_over60",11,"176   ",1
"277","g_over60",11,"188   ",1
"278","g_over60",12,"176   ",2
"279","g_over60",13,"082   ",1
"280","g_over60",13,"171   ",1
"281","g_over60",14,"188   ",2
"282","g_over60",15,"176   ",1
"283","g_over60",16,"070   ",1
"284","g_over60",16,"188   ",1
